id,valence,activation,accX,accY,accZ,electrode0,electrode1,electrode2,electrode3,alpha_relative0,alpha_relative1,alpha_relative2,alpha_relative3,beta_relative0,beta_relative1,beta_relative2,beta_relative3,gamma_relative0,gamma_relative1,gamma_relative2,gamma_relative3,delta_relative0,delta_relative1,delta_relative2,delta_relative3,theta_relative0,theta_relative1,theta_relative2,theta_relative3,alpha_absolute0,alpha_absolute1,alpha_absolute2,alpha_absolute3,beta_absolute0,beta_absolute1,beta_absolute2,beta_absolute3,gamma_absolute0,gamma_absolute1,gamma_absolute2,gamma_absolute3,delta_absolute0,delta_absolute1,delta_absolute2,delta_absolute3,theta_absolute0,theta_absolute1,theta_absolute2,theta_absolute3
416,0.16823095,0.0010062377,-378.90683,921.87646,242.18788,1.0,1.0,1.0,1.0,0.25754368,0.20870063,0.22822225,0.26061368,0.16144407,0.128838,0.1985719,0.06808397,0.09270362,0.064683035,0.0917049,0.028305182,0.28975517,0.4627198,0.27408662,0.26061368,0.19855349,0.13505854,0.20741433,0.15276667,0.5268546,-0.30787235,-0.35787523,0.9660848,0.3240258,-0.5173521,-0.41831544,0.38313243,0.08310039,-0.8166057,-0.75384074,0.0019534777,0.5780349,0.037922002,-0.2783454,0.9660848,0.4138812,-0.49687406,-0.39939448,0.73411614
417,0.16823095,0.0010062377,-375.00058,914.0639,242.18788,1.0,1.0,1.0,1.0,0.25754368,0.20870063,0.22822225,0.26061368,0.16144407,0.128838,0.1985719,0.06808397,0.09270362,0.064683035,0.0917049,0.028305182,0.28975517,0.4627198,0.27408662,0.26061368,0.19855349,0.13505854,0.20741433,0.15276667,0.5268546,-0.30787235,-0.35787523,0.9660848,0.3240258,-0.5173521,-0.41831544,0.38313243,0.08310039,-0.8166057,-0.75384074,0.0019534777,0.5780349,0.037922002,-0.2783454,0.9660848,0.4138812,-0.49687406,-0.39939448,0.73411614
418,0.16803643,-2.6717185E-4,-375.00058,914.0639,238.28162,1.0,1.0,1.0,1.0,0.26534635,0.20678297,0.22950216,0.28059012,0.16941328,0.12758796,0.19822867,0.070749745,0.09369744,0.06574189,0.089876324,0.027818386,0.2700938,0.4670871,0.25167367,0.28059012,0.20144913,0.13280009,0.23071916,0.16600569,0.5392507,-0.32024857,-0.35787523,0.97912925,0.34438503,-0.52995366,-0.42149553,0.3807817,0.087165326,-0.8179211,-0.7650167,-0.024611214,0.5469522,0.03363455,-0.3178242,0.97912925,0.41960296,-0.51256496,-0.35557836,0.7511798
419,0.16803643,-2.6717185E-4,-378.90683,914.0639,238.28162,1.0,1.0,1.0,1.0,0.26534635,0.20678297,0.22950216,0.28059012,0.16941328,0.12758796,0.19822867,0.070749745,0.09369744,0.06574189,0.089876324,0.027818386,0.2700938,0.4670871,0.25167367,0.28059012,0.20144913,0.13280009,0.23071916,0.16600569,0.5392507,-0.32024857,-0.35787523,0.97912925,0.34438503,-0.52995366,-0.42149553,0.3807817,0.087165326,-0.8179211,-0.7650167,-0.024611214,0.5469522,0.03363455,-0.3178242,0.97912925,0.41960296,-0.51256496,-0.35557836,0.7511798
420,0.1685658,-7.0827804E-4,-382.8131,917.9702,238.28162,1.0,1.0,1.0,1.0,0.27422008,0.2076303,0.22897331,0.30017924,0.17617571,0.12482611,0.19643901,0.07262447,0.0919319,0.06631402,0.08707063,0.02681034,0.25762585,0.47155616,0.2373282,0.30017924,0.20004645,0.1296734,0.25018886,0.1755046,0.55967736,-0.3230645,-0.35787523,0.9977914,0.36752412,-0.5440498,-0.42443237,0.3814937,0.08504434,-0.8187499,-0.7777884,-0.05128692,0.5325675,0.033178177,-0.34231073,0.9977914,0.42270896,-0.5275043,-0.31939214,0.7646992
421,0.1685658,-7.0827804E-4,-382.8131,914.0639,238.28162,1.0,1.0,1.0,1.0,0.27422008,0.2076303,0.22897331,0.30017924,0.17617571,0.12482611,0.19643901,0.07262447,0.0919319,0.06631402,0.08707063,0.02681034,0.25762585,0.47155616,0.2373282,0.30017924,0.20004645,0.1296734,0.25018886,0.1755046,0.55967736,-0.3230645,-0.35787523,0.9977914,0.36752412,-0.5440498,-0.42443237,0.3814937,0.08504434,-0.8187499,-0.7777884,-0.05128692,0.5325675,0.033178177,-0.34231073,0.9977914,0.42270896,-0.5275043,-0.31939214,0.7646992
422,0.1685658,-7.0827804E-4,-378.90683,914.0639,242.18788,1.0,1.0,1.0,1.0,0.27422008,0.2076303,0.22897331,0.30017924,0.17617571,0.12482611,0.19643901,0.07262447,0.0919319,0.06631402,0.08707063,0.02681034,0.25762585,0.47155616,0.2373282,0.30017924,0.20004645,0.1296734,0.25018886,0.1755046,0.55967736,-0.3230645,-0.35787523,0.9977914,0.36752412,-0.5440498,-0.42443237,0.3814937,0.08504434,-0.8187499,-0.7777884,-0.05128692,0.5325675,0.033178177,-0.34231073,0.9977914,0.42270896,-0.5275043,-0.31939214,0.7646992
423,0.17045012,-0.004312706,-378.90683,914.0639,242.18788,1.0,1.0,1.0,1.0,0.28009984,0.21294864,0.22092816,0.3115821,0.18418817,0.122690335,0.19516523,0.073951006,0.088436216,0.06674858,0.08408965,0.026021717,0.24946305,0.471855,0.23621395,0.3115821,0.19781272,0.12575741,0.26360297,0.18305908,0.5735896,-0.31391785,-0.3741914,1.0054226,0.39153856,-0.55338234,-0.42804006,0.38079426,0.072906956,-0.81775063,-0.7936999,-0.072813876,0.523283,0.031615887,-0.34513694,1.0054226,0.422531,-0.5426591,-0.29749218,0.7744415
424,0.17045012,-0.004312706,-378.90683,917.9702,242.18788,1.0,1.0,1.0,1.0,0.28009984,0.21294864,0.22092816,0.3115821,0.18418817,0.122690335,0.19516523,0.073951006,0.088436216,0.06674858,0.08408965,0.026021717,0.24946305,0.471855,0.23621395,0.3115821,0.19781272,0.12575741,0.26360297,0.18305908,0.5735896,-0.31391785,-0.3741914,1.0054226,0.39153856,-0.55338234,-0.42804006,0.38079426,0.072906956,-0.81775063,-0.7936999,-0.072813876,0.523283,0.031615887,-0.34513694,1.0054226,0.422531,-0.5426591,-0.29749218,0.7744415
425,0.1803275,-0.01196305,-378.90683,914.0639,238.28162,1.0,1.0,1.0,1.0,0.28690776,0.20938365,0.20651145,0.30991584,0.19218582,0.12470401,0.19492151,0.07581016,0.08365905,0.06860074,0.08093392,0.026313353,0.24097262,0.47383466,0.24730554,0.30991584,0.19627473,0.12347695,0.27032757,0.1920234,0.5868343,-0.3306219,-0.40653047,0.9857426,0.41281334,-0.5556842,-0.43161485,0.3742262,0.05160496,-0.81523585,-0.81334406,-0.08532496,0.5110597,0.024062177,-0.32824078,0.9857426,0.4219564,-0.5599787,-0.2895843,0.77785295
426,0.1803275,-0.01196305,-378.90683,914.0639,238.28162,1.0,1.0,1.0,1.0,0.28690776,0.20938365,0.20651145,0.30991584,0.19218582,0.12470401,0.19492151,0.07581016,0.08365905,0.06860074,0.08093392,0.026313353,0.24097262,0.47383466,0.24730554,0.30991584,0.19627473,0.12347695,0.27032757,0.1920234,0.5868343,-0.3306219,-0.40653047,0.9857426,0.41281334,-0.5556842,-0.43161485,0.3742262,0.05160496,-0.81523585,-0.81334406,-0.08532496,0.5110597,0.024062177,-0.32824078,0.9857426,0.4219564,-0.5599787,-0.2895843,0.77785295
427,0.1803275,-0.01196305,-375.00058,914.0639,238.28162,1.0,1.0,1.0,1.0,0.28690776,0.20938365,0.20651145,0.30991584,0.19218582,0.12470401,0.19492151,0.07581016,0.08365905,0.06860074,0.08093392,0.026313353,0.24097262,0.47383466,0.24730554,0.30991584,0.19627473,0.12347695,0.27032757,0.1920234,0.5868343,-0.3306219,-0.40653047,0.9857426,0.41281334,-0.5556842,-0.43161485,0.3742262,0.05160496,-0.81523585,-0.81334406,-0.08532496,0.5110597,0.024062177,-0.32824078,0.9857426,0.4219564,-0.5599787,-0.2895843,0.77785295
428,0.1803275,-0.01196305,-375.00058,917.9702,238.28162,1.0,1.0,1.0,1.0,0.28690776,0.20938365,0.20651145,0.30991584,0.19218582,0.12470401,0.19492151,0.07581016,0.08365905,0.06860074,0.08093392,0.026313353,0.24097262,0.47383466,0.24730554,0.30991584,0.19627473,0.12347695,0.27032757,0.1920234,0.5868343,-0.3306219,-0.40653047,0.9857426,0.41281334,-0.5556842,-0.43161485,0.3742262,0.05160496,-0.81523585,-0.81334406,-0.08532496,0.5110597,0.024062177,-0.32824078,0.9857426,0.4219564,-0.5599787,-0.2895843,0.77785295
429,0.19181861,-0.02523694,-371.09433,914.0639,238.28162,1.0,1.0,1.0,1.0,0.28468233,0.18505692,0.19359049,0.30037078,0.20066229,0.13379276,0.19354936,0.07922056,0.0795895,0.07372439,0.07710354,0.028078256,0.23639749,0.48172912,0.26476088,0.30037078,0.19866838,0.12569681,0.2709957,0.20163739,0.58035344,-0.41336322,-0.43624076,0.9409581,0.42845866,-0.55423594,-0.436333,0.36213836,0.026848665,-0.81305736,-0.83605045,-0.08832945,0.49963576,0.0021343087,-0.30027094,0.9409581,0.42412165,-0.58134437,-0.29016232,0.7678715
430,0.19181861,-0.02523694,-371.09433,917.9702,238.28162,1.0,1.0,1.0,1.0,0.28468233,0.18505692,0.19359049,0.30037078,0.20066229,0.13379276,0.19354936,0.07922056,0.0795895,0.07372439,0.07710354,0.028078256,0.23639749,0.48172912,0.26476088,0.30037078,0.19866838,0.12569681,0.2709957,0.20163739,0.58035344,-0.41336322,-0.43624076,0.9409581,0.42845866,-0.55423594,-0.436333,0.36213836,0.026848665,-0.81305736,-0.83605045,-0.08832945,0.49963576,0.0021343087,-0.30027094,0.9409581,0.42412165,-0.58134437,-0.29016232,0.7678715
431,0.2104669,-0.038914967,-371.09433,914.0639,238.28162,1.0,1.0,1.0,1.0,0.28502873,0.15444341,0.17867057,0.29030576,0.20507406,0.14835778,0.1908981,0.085711144,0.07594492,0.082029104,0.07371312,0.0315838,0.23368202,0.48428828,0.2843982,0.29030576,0.20027027,0.13088144,0.27232,0.20991307,0.58035344,-0.5377306,-0.47534195,0.8787971,0.43737552,-0.5551896,-0.44659334,0.34897876,0.0059635257,-0.81253195,-0.8598502,-0.084594145,0.49409008,-0.041395996,-0.27346814,0.8787971,0.42708126,-0.6096219,-0.29231542,0.73798096
432,0.21958472,-0.047185645,-375.00058,914.0639,238.28162,1.0,1.0,1.0,1.0,0.28478843,0.14340869,0.165841,0.3025716,0.20620817,0.1628607,0.18502414,0.093887575,0.07350025,0.09179593,0.07105745,0.035651293,0.23416153,0.4677472,0.30211094,0.3025716,0.20134161,0.13418746,0.2759665,0.21184696,0.58035344,-0.61745214,-0.5151352,0.8484044,0.44013697,-0.5622113,-0.46759874,0.3401844,-0.007880106,-0.8112042,-0.8832175,-0.08034844,0.49534664,-0.1040164,-0.25466067,0.8484044,0.42976463,-0.6463157,-0.2939708,0.6935985
433,0.21958472,-0.047185645,-378.90683,925.7827,234.37537,1.0,1.0,1.0,1.0,0.28478843,0.14340869,0.165841,0.3025716,0.20620817,0.1628607,0.18502414,0.093887575,0.07350025,0.09179593,0.07105745,0.035651293,0.23416153,0.4677472,0.30211094,0.3025716,0.20134161,0.13418746,0.2759665,0.21184696,0.58035344,-0.61745214,-0.5151352,0.8484044,0.44013697,-0.5622113,-0.46759874,0.3401844,-0.007880106,-0.8112042,-0.8832175,-0.08034844,0.49534664,-0.1040164,-0.25466067,0.8484044,0.42976463,-0.6463157,-0.2939708,0.6935985
434,0.21958472,-0.047185645,-371.09433,921.87646,238.28162,1.0,1.0,1.0,1.0,0.28478843,0.14340869,0.165841,0.3025716,0.20620817,0.1628607,0.18502414,0.093887575,0.07350025,0.09179593,0.07105745,0.035651293,0.23416153,0.4677472,0.30211094,0.3025716,0.20134161,0.13418746,0.2759665,0.21184696,0.58035344,-0.61745214,-0.5151352,0.8484044,0.44013697,-0.5622113,-0.46759874,0.3401844,-0.007880106,-0.8112042,-0.8832175,-0.08034844,0.49534664,-0.1040164,-0.25466067,0.8484044,0.42976463,-0.6463157,-0.2939708,0.6935985
435,0.21958472,-0.047185645,-371.09433,917.9702,242.18788,1.0,1.0,1.0,1.0,0.28478843,0.14340869,0.165841,0.3025716,0.20620817,0.1628607,0.18502414,0.093887575,0.07350025,0.09179593,0.07105745,0.035651293,0.23416153,0.4677472,0.30211094,0.3025716,0.20134161,0.13418746,0.2759665,0.21184696,0.58035344,-0.61745214,-0.5151352,0.8484044,0.44013697,-0.5622113,-0.46759874,0.3401844,-0.007880106,-0.8112042,-0.8832175,-0.08034844,0.49534664,-0.1040164,-0.25466067,0.8484044,0.42976463,-0.6463157,-0.2939708,0.6935985
436,0.22177798,-0.051481247,-371.09433,914.0639,238.28162,1.0,1.0,1.0,1.0,0.28427285,0.15736498,0.16008916,0.32860607,0.20505966,0.17240794,0.17544682,0.10352948,0.072001494,0.101715155,0.06875654,0.039352335,0.23690473,0.4353441,0.31590334,0.32860607,0.20176128,0.13316782,0.27980414,0.2119754,0.58035344,-0.61518914,-0.5391452,0.84109354,0.43849832,-0.57553995,-0.49936157,0.33948204,-0.01604043,-0.8047115,-0.906193,-0.08061151,0.5011918,-0.17326452,-0.24395289,0.84109354,0.43145588,-0.6876979,-0.2966529,0.65070343
437,0.22177798,-0.051481247,-375.00058,914.0639,238.28162,1.0,1.0,1.0,1.0,0.28427285,0.15736498,0.16008916,0.32860607,0.20505966,0.17240794,0.17544682,0.10352948,0.072001494,0.101715155,0.06875654,0.039352335,0.23690473,0.4353441,0.31590334,0.32860607,0.20176128,0.13316782,0.27980414,0.2119754,0.58035344,-0.61518914,-0.5391452,0.84109354,0.43849832,-0.57553995,-0.49936157,0.33948204,-0.01604043,-0.8047115,-0.906193,-0.08061151,0.5011918,-0.17326452,-0.24395289,0.84109354,0.43145588,-0.6876979,-0.2966529,0.65070343
438,0.2223162,-0.054462798,-382.8131,917.9702,234.37537,1.0,1.0,1.0,1.0,0.28356358,0.1693587,0.15037693,0.35132077,0.20277652,0.17807424,0.16652684,0.11298264,0.07112219,0.112959124,0.067462854,0.04154066,0.23945315,0.4073702,0.32965288,0.35132077,0.20308456,0.13223772,0.28598052,0.22025236,0.58035344,-0.61496556,-0.58093274,0.83929944,0.43472064,-0.593172,-0.53662974,0.3466073,-0.020291893,-0.7908518,-0.9290493,-0.08793104,0.5069235,-0.23378381,-0.24005714,0.83929944,0.43537986,-0.7224177,-0.30177754,0.63651615
439,0.2223162,-0.054462798,-382.8131,914.0639,234.37537,1.0,1.0,1.0,1.0,0.28356358,0.1693587,0.15037693,0.35132077,0.20277652,0.17807424,0.16652684,0.11298264,0.07112219,0.112959124,0.067462854,0.04154066,0.23945315,0.4073702,0.32965288,0.35132077,0.20308456,0.13223772,0.28598052,0.22025236,0.58035344,-0.61496556,-0.58093274,0.83929944,0.43472064,-0.593172,-0.53662974,0.3466073,-0.020291893,-0.7908518,-0.9290493,-0.08793104,0.5069235,-0.23378381,-0.24005714,0.83929944,0.43537986,-0.7224177,-0.30177754,0.63651615
440,0.22163546,-0.056712534,-382.8131,910.15765,234.37537,1.0,1.0,1.0,1.0,0.2831976,0.17742983,0.14911854,0.36367583,0.20002015,0.1782687,0.1584932,0.119431175,0.07081994,0.12398973,0.06567844,0.041380905,0.2421599,0.38905343,0.33760262,0.36367583,0.20380238,0.1312583,0.2891072,0.23827326,0.58035344,-0.614812,-0.59677774,0.8415686,0.4293376,-0.6127635,-0.5702988,0.35797185,-0.02158063,-0.7704529,-0.9528866,-0.102345884,0.51236606,-0.2738294,-0.24190363,0.8415686,0.43747306,-0.74571186,-0.3092505,0.6579294
441,0.22163546,-0.056712534,-375.00058,914.0639,238.28162,1.0,1.0,1.0,1.0,0.2831976,0.17742983,0.14911854,0.36367583,0.20002015,0.1782687,0.1584932,0.119431175,0.07081994,0.12398973,0.06567844,0.041380905,0.2421599,0.38905343,0.33760262,0.36367583,0.20380238,0.1312583,0.2891072,0.23827326,0.58035344,-0.614812,-0.59677774,0.8415686,0.4293376,-0.6127635,-0.5702988,0.35797185,-0.02158063,-0.7704529,-0.9528866,-0.102345884,0.51236606,-0.2738294,-0.24190363,0.8415686,0.43747306,-0.74571186,-0.3092505,0.6579294
442,0.22163546,-0.056712534,-375.00058,917.9702,242.18788,1.0,1.0,1.0,1.0,0.2831976,0.17742983,0.14911854,0.36367583,0.20002015,0.1782687,0.1584932,0.119431175,0.07081994,0.12398973,0.06567844,0.041380905,0.2421599,0.38905343,0.33760262,0.36367583,0.20380238,0.1312583,0.2891072,0.23827326,0.58035344,-0.614812,-0.59677774,0.8415686,0.4293376,-0.6127635,-0.5702988,0.35797185,-0.02158063,-0.7704529,-0.9528866,-0.102345884,0.51236606,-0.2738294,-0.24190363,0.8415686,0.43747306,-0.74571186,-0.3092505,0.6579294
443,0.22163546,-0.056712534,-375.00058,917.9702,238.28162,1.0,1.0,1.0,1.0,0.2831976,0.17742983,0.14911854,0.36367583,0.20002015,0.1782687,0.1584932,0.119431175,0.07081994,0.12398973,0.06567844,0.041380905,0.2421599,0.38905343,0.33760262,0.36367583,0.20380238,0.1312583,0.2891072,0.23827326,0.58035344,-0.614812,-0.59677774,0.8415686,0.4293376,-0.6127635,-0.5702988,0.35797185,-0.02158063,-0.7704529,-0.9528866,-0.102345884,0.51236606,-0.2738294,-0.24190363,0.8415686,0.43747306,-0.74571186,-0.3092505,0.6579294
444,0.22288945,-0.057320673,-378.90683,914.0639,238.28162,1.0,1.0,1.0,1.0,0.28836343,0.1734866,0.15500937,0.36767253,0.19592115,0.17423946,0.15310895,0.1226645,0.07097552,0.13389121,0.063179955,0.039504778,0.24333604,0.38366738,0.3403779,0.36767253,0.20140387,0.13471535,0.28832382,0.26056114,0.58953094,-0.63475657,-0.587407,0.84656614,0.42167208,-0.63287604,-0.5927644,0.3698238,-0.019300653,-0.74727046,-0.97718567,-0.12224543,0.51579714,-0.2900676,-0.24580362,0.84656614,0.43365854,-0.7446054,-0.31788445,0.6970146
445,0.2285325,-0.057136983,-375.00058,914.0639,238.28162,1.0,1.0,1.0,1.0,0.30103427,0.1623553,0.16458717,0.3663693,0.19112267,0.1667903,0.15118298,0.12592068,0.0717313,0.13985598,0.060235444,0.037607208,0.24276638,0.3840757,0.3415653,0.3663693,0.19334538,0.14692272,0.2824291,0.28175265,0.6083411,-0.6614623,-0.563995,0.84656614,0.4110374,-0.6497579,-0.6008881,0.38274413,-0.014566119,-0.7262477,-1.0005388,-0.14208189,0.51491374,-0.28751191,-0.24691717,0.84656614,0.416059,-0.70483977,-0.32948154,0.73251504
446,0.2285325,-0.057136983,-371.09433,917.9702,238.28162,1.0,1.0,1.0,1.0,0.30103427,0.1623553,0.16458717,0.3663693,0.19112267,0.1667903,0.15118298,0.12592068,0.0717313,0.13985598,0.060235444,0.037607208,0.24276638,0.3840757,0.3415653,0.3663693,0.19334538,0.14692272,0.2824291,0.28175265,0.6083411,-0.6614623,-0.563995,0.84656614,0.4110374,-0.6497579,-0.6008881,0.38274413,-0.014566119,-0.7262477,-1.0005388,-0.14208189,0.51491374,-0.28751191,-0.24691717,0.84656614,0.416059,-0.70483977,-0.32948154,0.73251504
447,0.23162128,-0.0566576,-375.00058,914.0639,238.28162,1.0,1.0,1.0,1.0,0.31367296,0.1426172,0.17181443,0.36663213,0.1881574,0.15967247,0.15326858,0.13012348,0.073819645,0.1415805,0.058128506,0.036590822,0.24208933,0.3845909,0.34640238,0.36663213,0.18226065,0.17153893,0.2703861,0.29624042,0.618637,-0.706244,-0.54609203,0.84656614,0.39668122,-0.65718585,-0.59569854,0.3966913,-0.009668124,-0.7094124,-1.0167625,-0.15429224,0.5061356,-0.27541685,-0.24157082,0.84656614,0.38285282,-0.62605315,-0.34916732,0.7539799
448,0.23162128,-0.0566576,-375.00058,914.0639,238.28162,1.0,1.0,1.0,1.0,0.31367296,0.1426172,0.17181443,0.36663213,0.1881574,0.15967247,0.15326858,0.13012348,0.073819645,0.1415805,0.058128506,0.036590822,0.24208933,0.3845909,0.34640238,0.36663213,0.18226065,0.17153893,0.2703861,0.29624042,0.618637,-0.706244,-0.54609203,0.84656614,0.39668122,-0.65718585,-0.59569854,0.3966913,-0.009668124,-0.7094124,-1.0167625,-0.15429224,0.5061356,-0.27541685,-0.24157082,0.84656614,0.38285282,-0.62605315,-0.34916732,0.7539799
449,0.23162128,-0.0566576,-375.00058,917.9702,238.28162,1.0,1.0,1.0,1.0,0.31367296,0.1426172,0.17181443,0.36663213,0.1881574,0.15967247,0.15326858,0.13012348,0.073819645,0.1415805,0.058128506,0.036590822,0.24208933,0.3845909,0.34640238,0.36663213,0.18226065,0.17153893,0.2703861,0.29624042,0.618637,-0.706244,-0.54609203,0.84656614,0.39668122,-0.65718585,-0.59569854,0.3966913,-0.009668124,-0.7094124,-1.0167625,-0.15429224,0.5061356,-0.27541685,-0.24157082,0.84656614,0.38285282,-0.62605315,-0.34916732,0.7539799
450,0.23162128,-0.0566576,-375.00058,910.15765,238.28162,1.0,1.0,1.0,1.0,0.31367296,0.1426172,0.17181443,0.36663213,0.1881574,0.15967247,0.15326858,0.13012348,0.073819645,0.1415805,0.058128506,0.036590822,0.24208933,0.3845909,0.34640238,0.36663213,0.18226065,0.17153893,0.2703861,0.29624042,0.618637,-0.706244,-0.54609203,0.84656614,0.39668122,-0.65718585,-0.59569854,0.3966913,-0.009668124,-0.7094124,-1.0167625,-0.15429224,0.5061356,-0.27541685,-0.24157082,0.84656614,0.38285282,-0.62605315,-0.34916732,0.7539799
451,0.23075931,-0.054348614,-378.90683,925.7827,234.37537,1.0,1.0,1.0,1.0,0.3252,0.11854074,0.19204006,0.37076345,0.18707699,0.15558769,0.15629773,0.13466217,0.0768783,0.13984293,0.057257507,0.036868814,0.24104035,0.37911454,0.34815374,0.37076345,0.16980436,0.2069141,0.24625097,0.30215427,0.618637,-0.7694579,-0.4917385,0.8494394,0.37850684,-0.65135026,-0.58117765,0.409588,-0.00770977,-0.697685,-1.0172979,-0.1529984,0.48857623,-0.26455504,-0.23335925,0.8494394,0.3364353,-0.5275354,-0.38375238,0.7605712
452,0.23075931,-0.054348614,-378.90683,917.9702,234.37537,1.0,1.0,1.0,1.0,0.3252,0.11854074,0.19204006,0.37076345,0.18707699,0.15558769,0.15629773,0.13466217,0.0768783,0.13984293,0.057257507,0.036868814,0.24104035,0.37911454,0.34815374,0.37076345,0.16980436,0.2069141,0.24625097,0.30215427,0.618637,-0.7694579,-0.4917385,0.8494394,0.37850684,-0.65135026,-0.58117765,0.409588,-0.00770977,-0.697685,-1.0172979,-0.1529984,0.48857623,-0.26455504,-0.23335925,0.8494394,0.3364353,-0.5275354,-0.38375238,0.7605712
453,0.23031938,-0.04965588,-371.09433,925.7827,242.18788,1.0,1.0,1.0,1.0,0.3384696,0.107646555,0.21370776,0.3754538,0.18524323,0.15333115,0.16183844,0.13900863,0.079590656,0.13446511,0.059099108,0.038380988,0.23777057,0.3621303,0.34946615,0.3754538,0.15892594,0.24242687,0.21588853,0.3033809,0.618637,-0.7882901,-0.44248667,0.8509058,0.35685968,-0.6346598,-0.56322527,0.41939098,-0.01002059,-0.69168055,-1.0007261,-0.13953462,0.46527544,-0.26142532,-0.22890186,0.8509058,0.2903121,-0.43570945,-0.43807742,0.7583375
454,0.23031938,-0.04965588,-371.09433,914.0639,242.18788,1.0,1.0,1.0,1.0,0.3384696,0.107646555,0.21370776,0.3754538,0.18524323,0.15333115,0.16183844,0.13900863,0.079590656,0.13446511,0.059099108,0.038380988,0.23777057,0.3621303,0.34946615,0.3754538,0.15892594,0.24242687,0.21588853,0.3033809,0.618637,-0.7882901,-0.44248667,0.8509058,0.35685968,-0.6346598,-0.56322527,0.41939098,-0.01002059,-0.69168055,-1.0007261,-0.13953462,0.46527544,-0.26142532,-0.22890186,0.8509058,0.2903121,-0.43570945,-0.43807742,0.7583375
455,0.23031938,-0.04965588,-371.09433,914.0639,238.28162,1.0,1.0,1.0,1.0,0.3384696,0.107646555,0.21370776,0.3754538,0.18524323,0.15333115,0.16183844,0.13900863,0.079590656,0.13446511,0.059099108,0.038380988,0.23777057,0.3621303,0.34946615,0.3754538,0.15892594,0.24242687,0.21588853,0.3033809,0.618637,-0.7882901,-0.44248667,0.8509058,0.35685968,-0.6346598,-0.56322527,0.41939098,-0.01002059,-0.69168055,-1.0007261,-0.13953462,0.46527544,-0.26142532,-0.22890186,0.8509058,0.2903121,-0.43570945,-0.43807742,0.7583375
456,0.2240973,-0.045879174,-378.90683,917.9702,238.28162,1.0,1.0,1.0,1.0,0.34105563,0.107017085,0.22622712,0.3815774,0.18343283,0.1530054,0.17135976,0.14161873,0.08241311,0.12799259,0.064026475,0.040588066,0.23757611,0.3409817,0.35112312,0.3815774,0.1555223,0.27100325,0.18726352,0.30196515,0.60129666,-0.7686731,-0.4261588,0.8543057,0.3319485,-0.6134195,-0.5467946,0.42384374,-0.015532302,-0.69094145,-0.9743439,-0.118878625,0.4442742,-0.2653952,-0.23524404,0.8543057,0.2602641,-0.36515176,-0.5082503,0.7526798
457,0.2240973,-0.045879174,-378.90683,917.9702,238.28162,1.0,1.0,1.0,1.0,0.34105563,0.107017085,0.22622712,0.3815774,0.18343283,0.1530054,0.17135976,0.14161873,0.08241311,0.12799259,0.064026475,0.040588066,0.23757611,0.3409817,0.35112312,0.3815774,0.1555223,0.27100325,0.18726352,0.30196515,0.60129666,-0.7686731,-0.4261588,0.8543057,0.3319485,-0.6134195,-0.5467946,0.42384374,-0.015532302,-0.69094145,-0.9743439,-0.118878625,0.4442742,-0.2653952,-0.23524404,0.8543057,0.2602641,-0.36515176,-0.5082503,0.7526798
458,0.21222144,-0.046103526,-378.90683,910.15765,234.37537,1.0,1.0,1.0,1.0,0.32674634,0.12216607,0.23418488,0.3851032,0.18045735,0.15263031,0.18282731,0.14357199,0.08520947,0.12077262,0.07034424,0.043099854,0.24188471,0.3188327,0.34834957,0.3851032,0.16570213,0.2855983,0.16429399,0.3011995,0.5617105,-0.68951315,-0.4261588,0.8543057,0.3038743,-0.59282297,-0.5336766,0.42579824,-0.022012424,-0.69449526,-0.9484891,-0.09679566,0.43110815,-0.27290094,-0.25370234,0.8543057,0.26682785,-0.32070813,-0.58009595,0.7475828
459,0.21222144,-0.046103526,-378.90683,910.15765,234.37537,1.0,1.0,1.0,1.0,0.32674634,0.12216607,0.23418488,0.3851032,0.18045735,0.15263031,0.18282731,0.14357199,0.08520947,0.12077262,0.07034424,0.043099854,0.24188471,0.3188327,0.34834957,0.3851032,0.16570213,0.2855983,0.16429399,0.3011995,0.5617105,-0.68951315,-0.4261588,0.8543057,0.3038743,-0.59282297,-0.5336766,0.42579824,-0.022012424,-0.69449526,-0.9484891,-0.09679566,0.43110815,-0.27290094,-0.25370234,0.8543057,0.26682785,-0.32070813,-0.58009595,0.7475828
460,0.20536944,-0.0484372,-375.00058,914.0639,238.28162,1.0,1.0,1.0,1.0,0.3085914,0.14244485,0.23860788,0.38093063,0.17147452,0.15276,0.19403441,0.14746198,0.086244114,0.114421695,0.076253906,0.04597032,0.24554414,0.3001911,0.34156254,0.38093063,0.18814582,0.29018235,0.14954124,0.30191547,0.52701974,-0.6054355,-0.43420914,0.84245497,0.2718355,-0.5750726,-0.5240151,0.43028915,-0.026634604,-0.70057386,-0.9296318,-0.07591336,0.42776546,-0.28168443,-0.27842367,0.84245497,0.31213048,-0.29641125,-0.63713294,0.7414945
461,0.20536944,-0.0484372,-375.00058,917.9702,242.18788,1.0,1.0,1.0,1.0,0.3085914,0.14244485,0.23860788,0.38093063,0.17147452,0.15276,0.19403441,0.14746198,0.086244114,0.114421695,0.076253906,0.04597032,0.24554414,0.3001911,0.34156254,0.38093063,0.18814582,0.29018235,0.14954124,0.30191547,0.52701974,-0.6054355,-0.43420914,0.84245497,0.2718355,-0.5750726,-0.5240151,0.43028915,-0.026634604,-0.70057386,-0.9296318,-0.07591336,0.42776546,-0.28168443,-0.27842367,0.84245497,0.31213048,-0.29641125,-0.63713294,0.7414945
462,0.20536944,-0.0484372,-378.90683,917.9702,238.28162,1.0,1.0,1.0,1.0,0.3085914,0.14244485,0.23860788,0.38093063,0.17147452,0.15276,0.19403441,0.14746198,0.086244114,0.114421695,0.076253906,0.04597032,0.24554414,0.3001911,0.34156254,0.38093063,0.18814582,0.29018235,0.14954124,0.30191547,0.52701974,-0.6054355,-0.43420914,0.84245497,0.2718355,-0.5750726,-0.5240151,0.43028915,-0.026634604,-0.70057386,-0.9296318,-0.07591336,0.42776546,-0.28168443,-0.27842367,0.84245497,0.31213048,-0.29641125,-0.63713294,0.7414945
463,0.20536944,-0.0484372,-378.90683,914.0639,238.28162,1.0,1.0,1.0,1.0,0.3085914,0.14244485,0.23860788,0.38093063,0.17147452,0.15276,0.19403441,0.14746198,0.086244114,0.114421695,0.076253906,0.04597032,0.24554414,0.3001911,0.34156254,0.38093063,0.18814582,0.29018235,0.14954124,0.30191547,0.52701974,-0.6054355,-0.43420914,0.84245497,0.2718355,-0.5750726,-0.5240151,0.43028915,-0.026634604,-0.70057386,-0.9296318,-0.07591336,0.42776546,-0.28168443,-0.27842367,0.84245497,0.31213048,-0.29641125,-0.63713294,0.7414945
464,0.20333141,-0.049386963,-375.00058,917.9702,238.28162,1.0,1.0,1.0,1.0,0.2957435,0.15468091,0.25243962,0.37750357,0.15795642,0.15467148,0.20068403,0.15340866,0.08510568,0.1100148,0.07958569,0.04856484,0.24434759,0.2888168,0.32829666,0.37750357,0.21684682,0.291816,0.13899401,0.29830092,0.5106174,-0.55931115,-0.4171541,0.83284605,0.2382395,-0.5593377,-0.5167988,0.44177487,-0.030339269,-0.7072967,-0.91847664,-0.057753023,0.42771026,-0.2881254,-0.30304512,0.83284605,0.37585527,-0.28363878,-0.67631555,0.7305796
465,0.21139266,-0.049904283,-371.09433,917.9702,238.28162,1.0,1.0,1.0,1.0,0.2948283,0.15470718,0.2804596,0.3695479,0.14452174,0.15861426,0.20232478,0.16364029,0.08238001,0.10728578,0.080295034,0.051358882,0.23591784,0.28407905,0.30828774,0.3695479,0.24235211,0.29531372,0.12863283,0.29443824,0.5178428,-0.5543684,-0.36904833,0.81320065,0.20820685,-0.5435366,-0.51086956,0.45942017,-0.03590451,-0.71333665,-0.91222996,-0.043854512,0.42103443,-0.29043964,-0.32796237,0.81320065,0.43272045,-0.2735952,-0.7075668,0.71452415
466,0.21139266,-0.049904283,-371.09433,917.9702,238.28162,1.0,1.0,1.0,1.0,0.2948283,0.15470718,0.2804596,0.3695479,0.14452174,0.15861426,0.20232478,0.16364029,0.08238001,0.10728578,0.080295034,0.051358882,0.23591784,0.28407905,0.30828774,0.3695479,0.24235211,0.29531372,0.12863283,0.29443824,0.5178428,-0.5543684,-0.36904833,0.81320065,0.20820685,-0.5435366,-0.51086956,0.45942017,-0.03590451,-0.71333665,-0.91222996,-0.043854512,0.42103443,-0.29043964,-0.32796237,0.81320065,0.43272045,-0.2735952,-0.7075668,0.71452415
467,0.22294332,-0.05932913,-371.09433,914.0639,234.37537,1.0,1.0,1.0,1.0,0.2868873,0.14687681,0.29962853,0.34533772,0.13882154,0.16378325,0.20712638,0.18063232,0.08102607,0.10514431,0.0817714,0.055246945,0.22832988,0.28318983,0.2929081,0.34533772,0.2649352,0.30100578,0.11856559,0.29812428,0.50345385,-0.5735865,-0.34473696,0.76030946,0.18819942,-0.5262703,-0.50508475,0.47886094,-0.045632664,-0.71875405,-0.9087187,-0.03562627,0.4043053,-0.28846213,-0.35458872,0.76030946,0.4688822,-0.26196495,-0.7473615,0.6964628
468,0.22294332,-0.05932913,-371.09433,917.9702,238.28162,1.0,1.0,1.0,1.0,0.2868873,0.14687681,0.29962853,0.34533772,0.13882154,0.16378325,0.20712638,0.18063232,0.08102607,0.10514431,0.0817714,0.055246945,0.22832988,0.28318983,0.2929081,0.34533772,0.2649352,0.30100578,0.11856559,0.29812428,0.50345385,-0.5735865,-0.34473696,0.76030946,0.18819942,-0.5262703,-0.50508475,0.47886094,-0.045632664,-0.71875405,-0.9087187,-0.03562627,0.4043053,-0.28846213,-0.35458872,0.76030946,0.4688822,-0.26196495,-0.7473615,0.6964628
469,0.22294332,-0.05932913,-378.90683,917.9702,234.37537,1.0,1.0,1.0,1.0,0.2868873,0.14687681,0.29962853,0.34533772,0.13882154,0.16378325,0.20712638,0.18063232,0.08102607,0.10514431,0.0817714,0.055246945,0.22832988,0.28318983,0.2929081,0.34533772,0.2649352,0.30100578,0.11856559,0.29812428,0.50345385,-0.5735865,-0.34473696,0.76030946,0.18819942,-0.5262703,-0.50508475,0.47886094,-0.045632664,-0.71875405,-0.9087187,-0.03562627,0.4043053,-0.28846213,-0.35458872,0.76030946,0.4688822,-0.26196495,-0.7473615,0.6964628
470,0.22294332,-0.05932913,-375.00058,910.15765,234.37537,1.0,1.0,1.0,1.0,0.2868873,0.14687681,0.29962853,0.34533772,0.13882154,0.16378325,0.20712638,0.18063232,0.08102607,0.10514431,0.0817714,0.055246945,0.22832988,0.28318983,0.2929081,0.34533772,0.2649352,0.30100578,0.11856559,0.29812428,0.50345385,-0.5735865,-0.34473696,0.76030946,0.18819942,-0.5262703,-0.50508475,0.47886094,-0.045632664,-0.71875405,-0.9087187,-0.03562627,0.4043053,-0.28846213,-0.35458872,0.76030946,0.4688822,-0.26196495,-0.7473615,0.6964628
471,0.252198,-0.06999471,-367.18808,925.7827,238.28162,1.0,1.0,1.0,1.0,0.2975631,0.14615512,0.3187135,0.30930212,0.13684684,0.16731484,0.21318471,0.2030613,0.07862391,0.10160188,0.08310039,0.059930872,0.21478908,0.27902326,0.2778064,0.30930212,0.27217707,0.30590492,0.107195,0.308291,0.5200232,-0.5679537,-0.32331315,0.67936325,0.18267886,-0.50923324,-0.49795753,0.4966075,-0.058001246,-0.72586596,-0.9071105,-0.033369053,0.3784563,-0.2871273,-0.38297132,0.67936325,0.48129562,-0.24718125,-0.79653907,0.6779412
472,0.252198,-0.06999471,-378.90683,894.53265,242.18788,1.0,1.0,1.0,1.0,0.2975631,0.14615512,0.3187135,0.30930212,0.13684684,0.16731484,0.21318471,0.2030613,0.07862391,0.10160188,0.08310039,0.059930872,0.21478908,0.27902326,0.2778064,0.30930212,0.27217707,0.30590492,0.107195,0.308291,0.5200232,-0.5679537,-0.32331315,0.67936325,0.18267886,-0.50923324,-0.49795753,0.4966075,-0.058001246,-0.72586596,-0.9071105,-0.033369053,0.3784563,-0.2871273,-0.38297132,0.67936325,0.48129562,-0.24718125,-0.79653907,0.6779412
473,0.275594,-0.07320791,-378.90683,906.2514,238.28162,1.0,1.0,1.0,1.0,0.32012478,0.1466727,0.33842975,0.2956386,0.13749039,0.17002262,0.21818557,0.22022834,0.0760466,0.09729381,0.08393738,0.062667266,0.20039093,0.2721513,0.26274174,0.2956386,0.2659473,0.31385958,0.09670554,0.30779484,0.55724543,-0.5593328,-0.29967794,0.63859886,0.19019848,-0.49517536,-0.4903204,0.5107109,-0.06699405,-0.73759687,-0.90519106,-0.035121527,0.35380423,-0.29087168,-0.4096174,0.63859886,0.4767218,-0.22894669,-0.8436951,0.656099
474,0.275594,-0.07320791,-375.00058,914.0639,238.28162,1.0,1.0,1.0,1.0,0.32755357,0.14539848,0.34907043,0.29947826,0.14243454,0.17232479,0.22314171,0.23022604,0.07511572,0.092414916,0.08578566,0.064005174,0.2004033,0.2659886,0.25217608,0.29947826,0.2544929,0.3238732,0.08982614,0.29146487,0.5702663,-0.5593328,-0.28835425,0.6345686,0.20859924,-0.48554492,-0.48268655,0.5203577,-0.06699405,-0.73759687,-0.90519106,-0.035121527,0.35688883,-0.29702967,-0.4295634,0.6345686,0.4767218,-0.22894669,-0.8436951,0.656099
475,0.28070933,-0.07387136,-378.90683,917.9702,238.28162,1.0,1.0,1.0,1.0,0.32755357,0.14539848,0.34907043,0.29947826,0.14243454,0.17232479,0.22314171,0.23022604,0.07511572,0.092414916,0.08578566,0.064005174,0.2004033,0.2659886,0.25217608,0.29947826,0.2544929,0.3238732,0.08982614,0.29146487,0.5702663,-0.5593328,-0.28835425,0.6345686,0.20859924,-0.48554492,-0.48268655,0.5203577,-0.06928523,-0.75615066,-0.8978526,-0.035581645,0.35688883,-0.29702967,-0.4295634,0.6345686,0.46065962,-0.21151768,-0.8778646,0.6227895
476,0.28070933,-0.07387136,-394.53186,906.2514,238.28162,1.0,1.0,1.0,1.0,0.32755357,0.14539848,0.34907043,0.29947826,0.14243454,0.17232479,0.22314171,0.23022604,0.07511572,0.092414916,0.08578566,0.064005174,0.2004033,0.2659886,0.25217608,0.29947826,0.2544929,0.3238732,0.08982614,0.29146487,0.5702663,-0.5593328,-0.28835425,0.6345686,0.20859924,-0.48554492,-0.48268655,0.5203577,-0.06928523,-0.75615066,-0.8978526,-0.035581645,0.35688883,-0.29702967,-0.4295634,0.6345686,0.46065962,-0.21151768,-0.8778646,0.6227895
477,0.28070933,-0.07387136,-382.8131,929.68896,238.28162,1.0,1.0,1.0,1.0,0.32755357,0.14539848,0.34907043,0.29947826,0.14243454,0.17232479,0.22314171,0.23022604,0.07511572,0.092414916,0.08578566,0.064005174,0.2004033,0.2659886,0.25217608,0.29947826,0.2544929,0.3238732,0.08982614,0.29146487,0.5702663,-0.5593328,-0.28835425,0.6345686,0.20859924,-0.48554492,-0.48268655,0.5203577,-0.06928523,-0.75615066,-0.8978526,-0.035581645,0.35688883,-0.29702967,-0.4295634,0.6345686,0.46065962,-0.21151768,-0.8778646,0.6227895
478,0.28070933,-0.07387136,-390.6256,906.2514,234.37537,1.0,1.0,1.0,1.0,0.32755357,0.14539848,0.34907043,0.29947826,0.14243454,0.17232479,0.22314171,0.23022604,0.07511572,0.092414916,0.08578566,0.064005174,0.2004033,0.2659886,0.25217608,0.29947826,0.2544929,0.3238732,0.08982614,0.29146487,0.5702663,-0.5593328,-0.28835425,0.6345686,0.20859924,-0.48554492,-0.48268655,0.5203577,-0.06928523,-0.75615066,-0.8978526,-0.035581645,0.35688883,-0.29702967,-0.4295634,0.6345686,0.46065962,-0.21151768,-0.8778646,0.6227895
479,0.27525768,-0.06801365,-398.4381,906.2514,234.37537,1.0,1.0,1.0,1.0,0.32382593,0.14615634,0.34984192,0.3138845,0.14725532,0.17392696,0.22749178,0.22851118,0.07328166,0.08648336,0.09019018,0.06401519,0.21967876,0.2583224,0.24362266,0.3138845,0.23595832,0.33511096,0.088853456,0.2571928,0.58010584,-0.5547194,-0.28835425,0.66258025,0.2378652,-0.47917017,-0.4752604,0.52471787,-0.06521053,-0.7826045,-0.87706685,-0.027906554,0.41158223,-0.307375,-0.44550845,0.66258025,0.4426295,-0.19434845,-0.8835518,0.5760692
480,0.27223992,-0.058642417,-394.53186,906.2514,238.28162,1.0,1.0,1.0,1.0,0.31036282,0.15326458,0.34808952,0.31425944,0.14895141,0.17552201,0.22989136,0.21556474,0.06869068,0.079855844,0.097919606,0.06332168,0.25896403,0.24716228,0.2333686,0.31425944,0.21303105,0.34419528,0.0907309,0.21963257,0.5951745,-0.532565,-0.28835425,0.68770814,0.2763494,-0.4736752,-0.46852258,0.5239975,-0.059797388,-0.81570005,-0.8391756,-0.0080277845,0.5165442,-0.3250246,-0.46200278,0.68770814,0.4317477,-0.18120188,-0.87229,0.53211653
481,0.27223992,-0.058642417,-390.6256,921.87646,238.28162,1.0,1.0,1.0,1.0,0.31036282,0.15326458,0.34808952,0.31425944,0.14895141,0.17552201,0.22989136,0.21556474,0.06869068,0.079855844,0.097919606,0.06332168,0.25896403,0.24716228,0.2333686,0.31425944,0.21303105,0.34419528,0.0907309,0.21963257,0.5951745,-0.532565,-0.28835425,0.68770814,0.2763494,-0.4736752,-0.46852258,0.5239975,-0.059797388,-0.81570005,-0.8391756,-0.0080277845,0.5165442,-0.3250246,-0.46200278,0.68770814,0.4317477,-0.18120188,-0.87229,0.53211653
482,0.27223992,-0.058642417,-398.4381,906.2514,234.37537,1.0,1.0,1.0,1.0,0.31036282,0.15326458,0.34808952,0.31425944,0.14895141,0.17552201,0.22989136,0.21556474,0.06869068,0.079855844,0.097919606,0.06332168,0.25896403,0.24716228,0.2333686,0.31425944,0.21303105,0.34419528,0.0907309,0.21963257,0.5951745,-0.532565,-0.28835425,0.68770814,0.2763494,-0.4736752,-0.46852258,0.5239975,-0.059797388,-0.81570005,-0.8391756,-0.0080277845,0.5165442,-0.3250246,-0.46200278,0.68770814,0.4317477,-0.18120188,-0.87229,0.53211653
483,0.27223992,-0.058642417,-398.4381,910.15765,238.28162,1.0,1.0,1.0,1.0,0.31036282,0.15326458,0.34808952,0.31425944,0.14895141,0.17552201,0.22989136,0.21556474,0.06869068,0.079855844,0.097919606,0.06332168,0.25896403,0.24716228,0.2333686,0.31425944,0.21303105,0.34419528,0.0907309,0.21963257,0.5951745,-0.532565,-0.28835425,0.68770814,0.2763494,-0.4736752,-0.46852258,0.5239975,-0.059797388,-0.81570005,-0.8391756,-0.0080277845,0.5165442,-0.3250246,-0.46200278,0.68770814,0.4317477,-0.18120188,-0.87229,0.53211653
484,0.27432442,-0.047086272,-398.4381,910.15765,238.28162,1.0,1.0,1.0,1.0,0.29155716,0.16754834,0.3458672,0.2958609,0.14535181,0.1778063,0.23161301,0.19238842,0.0615211,0.07380773,0.10915322,0.06129224,0.30934292,0.23301922,0.21872993,0.2958609,0.19222699,0.3478184,0.09463665,0.19490302,0.6188067,-0.49489757,-0.28835425,0.7043921,0.31650344,-0.46909058,-0.4625007,0.5174835,-0.05689294,-0.8509359,-0.78922707,0.020709993,0.64452314,-0.35164598,-0.4873554,0.7043921,0.43789732,-0.17768516,-0.8512043,0.5231231
485,0.27432442,-0.047086272,-390.6256,910.15765,234.37537,1.0,1.0,1.0,1.0,0.29155716,0.16754834,0.3458672,0.2958609,0.14535181,0.1778063,0.23161301,0.19238842,0.0615211,0.07380773,0.10915322,0.06129224,0.30934292,0.23301922,0.21872993,0.2958609,0.19222699,0.3478184,0.09463665,0.19490302,0.6188067,-0.49489757,-0.28835425,0.7043921,0.31650344,-0.46909058,-0.4625007,0.5174835,-0.05689294,-0.8509359,-0.78922707,0.020709993,0.64452314,-0.35164598,-0.4873554,0.7043921,0.43789732,-0.17768516,-0.8512043,0.5231231
486,0.27648032,-0.027039781,-402.3444,906.2514,230.46912,1.0,1.0,1.0,1.0,0.2819236,0.18815872,0.34512597,0.28259006,0.13498604,0.18024336,0.23365533,0.16210347,0.05338055,0.06961931,0.12269456,0.056887098,0.35267502,0.22008212,0.19934556,0.28259006,0.1770348,0.3418965,0.09917859,0.18651722,0.6694935,-0.4493776,-0.28835425,0.74789244,0.34965092,-0.46804267,-0.45775622,0.5065279,-0.053254884,-0.8811722,-0.73750657,0.051749326,0.7667368,-0.3813172,-0.52672535,0.74789244,0.4674207,-0.19000728,-0.829914,0.5674545
487,0.27973783,-0.0056170626,-402.3444,894.53265,226.56285,1.0,1.0,1.0,1.0,0.27398717,0.21686608,0.34315282,0.2689997,0.12229507,0.18023914,0.23732434,0.13673966,0.047389317,0.067799605,0.13684247,0.052898664,0.3837791,0.21337128,0.17842285,0.2689997,0.17254934,0.3217239,0.10425752,0.1937027,0.7204786,-0.3929006,-0.29363483,0.7880192,0.37015724,-0.4732431,-0.4537801,0.49416187,-0.041571222,-0.89786506,-0.6929015,0.08171209,0.86682963,-0.3999563,-0.5776719,0.7880192,0.5196616,-0.22160889,-0.811015,0.645403
488,0.27973783,-0.0056170626,-394.53186,914.0639,230.46912,1.0,1.0,1.0,1.0,0.27398717,0.21686608,0.34315282,0.2689997,0.12229507,0.18023914,0.23732434,0.13673966,0.047389317,0.067799605,0.13684247,0.052898664,0.3837791,0.21337128,0.17842285,0.2689997,0.17254934,0.3217239,0.10425752,0.1937027,0.7204786,-0.3929006,-0.29363483,0.7880192,0.37015724,-0.4732431,-0.4537801,0.49416187,-0.041571222,-0.89786506,-0.6929015,0.08171209,0.86682963,-0.3999563,-0.5776719,0.7880192,0.5196616,-0.22160889,-0.811015,0.645403
489,0.27973783,-0.0056170626,-394.53186,906.2514,230.46912,1.0,1.0,1.0,1.0,0.27398717,0.21686608,0.34315282,0.2689997,0.12229507,0.18023914,0.23732434,0.13673966,0.047389317,0.067799605,0.13684247,0.052898664,0.3837791,0.21337128,0.17842285,0.2689997,0.17254934,0.3217239,0.10425752,0.1937027,0.7204786,-0.3929006,-0.29363483,0.7880192,0.37015724,-0.4732431,-0.4537801,0.49416187,-0.041571222,-0.89786506,-0.6929015,0.08171209,0.86682963,-0.3999563,-0.5776719,0.7880192,0.5196616,-0.22160889,-0.811015,0.645403
490,0.27973783,-0.0056170626,-398.4381,914.0639,230.46912,1.0,1.0,1.0,1.0,0.27398717,0.21686608,0.34315282,0.2689997,0.12229507,0.18023914,0.23732434,0.13673966,0.047389317,0.067799605,0.13684247,0.052898664,0.3837791,0.21337128,0.17842285,0.2689997,0.17254934,0.3217239,0.10425752,0.1937027,0.7204786,-0.3929006,-0.29363483,0.7880192,0.37015724,-0.4732431,-0.4537801,0.49416187,-0.041571222,-0.89786506,-0.6929015,0.08171209,0.86682963,-0.3999563,-0.5776719,0.7880192,0.5196616,-0.22160889,-0.811015,0.645403
491,0.28186336,0.014991283,-382.8131,914.0639,234.37537,1.0,1.0,1.0,1.0,0.26378947,0.24622932,0.33773583,0.2566447,0.11067948,0.17695929,0.24273887,0.119273156,0.044477426,0.068693236,0.14985925,0.05073144,0.402844,0.21692002,0.16021225,0.2566447,0.1782096,0.29119813,0.10945379,0.20708863,0.75549966,-0.34077793,-0.30520475,0.81595516,0.37830925,-0.48424435,-0.44864255,0.48316556,-0.017618207,-0.89520377,-0.65809834,0.111900076,0.93937904,-0.3958181,-0.62908614,0.81595516,0.58517325,-0.26792914,-0.7945511,0.72277915
492,0.28186336,0.014991283,-390.6256,902.34515,234.37537,1.0,1.0,1.0,1.0,0.26378947,0.24622932,0.33773583,0.2566447,0.11067948,0.17695929,0.24273887,0.119273156,0.044477426,0.068693236,0.14985925,0.05073144,0.402844,0.21692002,0.16021225,0.2566447,0.1782096,0.29119813,0.10945379,0.20708863,0.75549966,-0.34077793,-0.30520475,0.81595516,0.37830925,-0.48424435,-0.44864255,0.48316556,-0.017618207,-0.89520377,-0.65809834,0.111900076,0.93937904,-0.3958181,-0.62908614,0.81595516,0.58517325,-0.26792914,-0.7945511,0.72277915
493,0.286996,0.031906303,-382.8131,914.0639,238.28162,1.0,1.0,1.0,1.0,0.25102982,0.26626745,0.3365407,0.23865204,0.10211428,0.1706517,0.24583824,0.1103478,0.044206504,0.071795754,0.15860039,0.05114383,0.412854,0.2321938,0.14571613,0.23865204,0.18979539,0.2590913,0.11330452,0.22158025,0.7701221,-0.30480585,-0.303915,0.81346875,0.37948328,-0.49801326,-0.44030315,0.47846732,0.015882941,-0.87402517,-0.6306483,0.14449689,0.98619324,-0.36427328,-0.66744494,0.81346875,0.6486824,-0.3166711,-0.7767054,0.7812347
494,0.286996,0.031906303,-378.90683,910.15765,234.37537,1.0,1.0,1.0,1.0,0.25102982,0.26626745,0.3365407,0.23865204,0.10211428,0.1706517,0.24583824,0.1103478,0.044206504,0.071795754,0.15860039,0.05114383,0.412854,0.2321938,0.14571613,0.23865204,0.18979539,0.2590913,0.11330452,0.22158025,0.7701221,-0.30480585,-0.303915,0.81346875,0.37948328,-0.49801326,-0.44030315,0.47846732,0.015882941,-0.87402517,-0.6306483,0.14449689,0.98619324,-0.36427328,-0.66744494,0.81346875,0.6486824,-0.3166711,-0.7767054,0.7812347
495,0.28509238,0.049205016,-375.00058,917.9702,234.37537,1.0,1.0,1.0,1.0,0.2384384,0.26801115,0.33085406,0.23024645,0.09736709,0.16334876,0.2487603,0.10584581,0.045325883,0.07610864,0.1656357,0.052561685,0.41839758,0.2579096,0.13599765,0.23024645,0.20047106,0.23462184,0.118752286,0.22888672,0.7701221,-0.29512173,-0.30595818,0.8198142,0.3811581,-0.5101588,-0.42981356,0.48229492,0.049092177,-0.8418406,-0.60644066,0.17829055,1.014335,-0.31180707,-0.6920632,0.8198142,0.69479764,-0.35290617,-0.75095266,0.81724185
496,0.28509238,0.049205016,-378.90683,910.15765,230.46912,1.0,1.0,1.0,1.0,0.2384384,0.26801115,0.33085406,0.23024645,0.09736709,0.16334876,0.2487603,0.10584581,0.045325883,0.07610864,0.1656357,0.052561685,0.41839758,0.2579096,0.13599765,0.23024645,0.20047106,0.23462184,0.118752286,0.22888672,0.7701221,-0.29512173,-0.30595818,0.8198142,0.3811581,-0.5101588,-0.42981356,0.48229492,0.049092177,-0.8418406,-0.60644066,0.17829055,1.014335,-0.31180707,-0.6920632,0.8198142,0.69479764,-0.35290617,-0.75095266,0.81724185
497,0.28509238,0.049205016,-382.8131,917.9702,226.56285,1.0,1.0,1.0,1.0,0.2384384,0.26801115,0.33085406,0.23024645,0.09736709,0.16334876,0.2487603,0.10584581,0.045325883,0.07610864,0.1656357,0.052561685,0.41839758,0.2579096,0.13599765,0.23024645,0.20047106,0.23462184,0.118752286,0.22888672,0.7701221,-0.29512173,-0.30595818,0.8198142,0.3811581,-0.5101588,-0.42981356,0.48229492,0.049092177,-0.8418406,-0.60644066,0.17829055,1.014335,-0.31180707,-0.6920632,0.8198142,0.69479764,-0.35290617,-0.75095266,0.81724185
498,0.28508788,0.06447304,-394.53186,902.34515,230.46912,1.0,1.0,1.0,1.0,0.23061465,0.25730306,0.32804152,0.22232378,0.096019864,0.15618789,0.24900366,0.1044904,0.046488125,0.08002106,0.17084666,0.054604236,0.4233327,0.2879504,0.12546755,0.22232378,0.20354468,0.2185376,0.12664062,0.23071197,0.7701221,-0.30065984,-0.29982752,0.81982917,0.3895963,-0.5174574,-0.41955057,0.49191964,0.074577264,-0.8079004,-0.58314985,0.21006958,1.0339171,-0.2517871,-0.7172249,0.81982917,0.715895,-0.37157863,-0.7131833,0.83591336
499,0.28508788,0.06447304,-386.71936,914.0639,234.37537,1.0,1.0,1.0,1.0,0.23061465,0.25730306,0.32804152,0.22232378,0.096019864,0.15618789,0.24900366,0.1044904,0.046488125,0.08002106,0.17084666,0.054604236,0.4233327,0.2879504,0.12546755,0.22232378,0.20354468,0.2185376,0.12664062,0.23071197,0.7701221,-0.30065984,-0.29982752,0.81982917,0.3895963,-0.5174574,-0.41955057,0.49191964,0.074577264,-0.8079004,-0.58314985,0.21006958,1.0339171,-0.2517871,-0.7172249,0.81982917,0.715895,-0.37157863,-0.7131833,0.83591336
500,0.28508788,0.06447304,-386.71936,917.9702,238.28162,1.0,1.0,1.0,1.0,0.23061465,0.25730306,0.32804152,0.22232378,0.096019864,0.15618789,0.24900366,0.1044904,0.046488125,0.08002106,0.17084666,0.054604236,0.4233327,0.2879504,0.12546755,0.22232378,0.20354468,0.2185376,0.12664062,0.23071197,0.7701221,-0.30065984,-0.29982752,0.81982917,0.3895963,-0.5174574,-0.41955057,0.49191964,0.074577264,-0.8079004,-0.58314985,0.21006958,1.0339171,-0.2517871,-0.7172249,0.81982917,0.715895,-0.37157863,-0.7131833,0.83591336
501,0.28468835,0.076479025,-390.6256,917.9702,234.37537,1.0,1.0,1.0,1.0,0.22473562,0.24744461,0.32673803,0.21599385,0.09756694,0.15001625,0.24803895,0.10345745,0.047009885,0.082575284,0.17483073,0.056271996,0.4330159,0.31288257,0.11272119,0.21599385,0.19767165,0.20708127,0.1376711,0.22906962,0.7687903,-0.30160427,-0.29020047,0.81982917,0.40642112,-0.518944,-0.40988025,0.5001495,0.08930761,-0.7782322,-0.56178236,0.23568007,1.0536222,-0.19970089,-0.75239456,0.81982917,0.7130628,-0.37894148,-0.6655573,0.8453552
502,0.28468835,0.076479025,-390.6256,906.2514,230.46912,1.0,1.0,1.0,1.0,0.22473562,0.24744461,0.32673803,0.21599385,0.09756694,0.15001625,0.24803895,0.10345745,0.047009885,0.082575284,0.17483073,0.056271996,0.4330159,0.31288257,0.11272119,0.21599385,0.19767165,0.20708127,0.1376711,0.22906962,0.7687903,-0.30160427,-0.29020047,0.81982917,0.40642112,-0.518944,-0.40988025,0.5001495,0.08930761,-0.7782322,-0.56178236,0.23568007,1.0536222,-0.19970089,-0.75239456,0.81982917,0.7130628,-0.37894148,-0.6655573,0.8453552
503,0.28468835,0.076479025,-386.71936,910.15765,234.37537,1.0,1.0,1.0,1.0,0.22473562,0.24744461,0.32673803,0.21599385,0.09756694,0.15001625,0.24803895,0.10345745,0.047009885,0.082575284,0.17483073,0.056271996,0.4330159,0.31288257,0.11272119,0.21599385,0.19767165,0.20708127,0.1376711,0.22906962,0.7687903,-0.30160427,-0.29020047,0.81982917,0.40642112,-0.518944,-0.40988025,0.5001495,0.08930761,-0.7782322,-0.56178236,0.23568007,1.0536222,-0.19970089,-0.75239456,0.81982917,0.7130628,-0.37894148,-0.6655573,0.8453552
504,0.28449696,0.08594435,-386.71936,910.15765,234.37537,1.0,1.0,1.0,1.0,0.21888945,0.23933862,0.32148245,0.21032396,0.10048334,0.14687291,0.2481895,0.101093575,0.04669921,0.08494895,0.17781238,0.05736195,0.44666022,0.33102465,0.10201793,0.21032396,0.18726778,0.1978149,0.15049773,0.22712292,0.7681523,-0.30337834,-0.2857718,0.81982917,0.43002155,-0.51544946,-0.39814568,0.5016639,0.09723704,-0.75323313,-0.5429671,0.2555643,1.0779048,-0.16253081,-0.7842526,0.81982917,0.7003906,-0.38613215,-0.6153991,0.8532013
505,0.28449696,0.08594435,-390.6256,910.15765,234.37537,1.0,1.0,1.0,1.0,0.21888945,0.23933862,0.32148245,0.21032396,0.10048334,0.14687291,0.2481895,0.101093575,0.04669921,0.08494895,0.17781238,0.05736195,0.44666022,0.33102465,0.10201793,0.21032396,0.18726778,0.1978149,0.15049773,0.22712292,0.7681523,-0.30337834,-0.2857718,0.81982917,0.43002155,-0.51544946,-0.39814568,0.5016639,0.09723704,-0.75323313,-0.5429671,0.2555643,1.0779048,-0.16253081,-0.7842526,0.81982917,0.7003906,-0.38613215,-0.6153991,0.8532013
506,0.28353855,0.09413342,-382.8131,917.9702,234.37537,1.0,1.0,1.0,1.0,0.20974857,0.23484878,0.30242458,0.20452818,0.10334713,0.14660914,0.25119925,0.09692437,0.045989923,0.0879633,0.18022938,0.05779812,0.46237987,0.3427939,0.10194787,0.20452818,0.17853452,0.18778487,0.16419894,0.22700827,0.76495767,-0.30337834,-0.30104074,0.81982917,0.45755708,-0.5080056,-0.3816395,0.49550897,0.10592136,-0.7298652,-0.52583224,0.27098972,1.1082575,-0.13913357,-0.77327967,0.81982917,0.69498086,-0.40050608,-0.5662875,0.86511767
507,0.28353855,0.09413342,-378.90683,917.9702,234.37537,1.0,1.0,1.0,1.0,0.20974857,0.23484878,0.30242458,0.20452818,0.10334713,0.14660914,0.25119925,0.09692437,0.045989923,0.0879633,0.18022938,0.05779812,0.46237987,0.3427939,0.10194787,0.20452818,0.17853452,0.18778487,0.16419894,0.22700827,0.76495767,-0.30337834,-0.30104074,0.81982917,0.45755708,-0.5080056,-0.3816395,0.49550897,0.10592136,-0.7298652,-0.52583224,0.27098972,1.1082575,-0.13913357,-0.77327967,0.81982917,0.69498086,-0.40050608,-0.5662875,0.86511767
508,0.28329027,0.103651516,-378.90683,910.15765,230.46912,1.0,1.0,1.0,1.0,0.19766182,0.23177142,0.27733472,0.19665276,0.103813104,0.1485748,0.2498566,0.09110626,0.044867802,0.091976866,0.17828546,0.05707364,0.48004177,0.35182074,0.11887464,0.19665276,0.17361552,0.17585616,0.17564854,0.22800186,0.76495767,-0.30337834,-0.31594226,0.82065684,0.48528704,-0.49649307,-0.36125568,0.48650503,0.120969646,-0.70475966,-0.50783056,0.2833924,1.1503139,-0.12211681,-0.68385726,0.82065684,0.70862335,-0.42328066,-0.51430196,0.8848952
509,0.28329027,0.103651516,-378.90683,921.87646,230.46912,1.0,1.0,1.0,1.0,0.19766182,0.23177142,0.27733472,0.19665276,0.103813104,0.1485748,0.2498566,0.09110626,0.044867802,0.091976866,0.17828546,0.05707364,0.48004177,0.35182074,0.11887464,0.19665276,0.17361552,0.17585616,0.17564854,0.22800186,0.76495767,-0.30337834,-0.31594226,0.82065684,0.48528704,-0.49649307,-0.36125568,0.48650503,0.120969646,-0.70475966,-0.50783056,0.2833924,1.1503139,-0.12211681,-0.68385726,0.82065684,0.70862335,-0.42328066,-0.51430196,0.8848952
510,0.28329027,0.103651516,-378.90683,906.2514,230.46912,1.0,1.0,1.0,1.0,0.19766182,0.23177142,0.27733472,0.19665276,0.103813104,0.1485748,0.2498566,0.09110626,0.044867802,0.091976866,0.17828546,0.05707364,0.48004177,0.35182074,0.11887464,0.19665276,0.17361552,0.17585616,0.17564854,0.22800186,0.76495767,-0.30337834,-0.31594226,0.82065684,0.48528704,-0.49649307,-0.36125568,0.48650503,0.120969646,-0.70475966,-0.50783056,0.2833924,1.1503139,-0.12211681,-0.68385726,0.82065684,0.70862335,-0.42328066,-0.51430196,0.8848952
511,0.28329027,0.11526557,-375.00058,914.0639,234.37537,1.0,1.0,1.0,1.0,0.17901665,0.22716568,0.2493214,0.18891099,0.09911986,0.15055563,0.24076949,0.086142935,0.042637125,0.09623632,0.17218193,0.056972004,0.50954866,0.36601487,0.15627572,0.18891099,0.16967772,0.16002749,0.18145145,0.23144396,0.76495767,-0.30441692,-0.3248432,0.82065684,0.5082249,-0.48306265,-0.34000129,0.4796193,0.14185216,-0.6774207,-0.48561516,0.3000611,1.2192498,-0.09726092,-0.5277112,0.82065684,0.7416891,-0.45656505,-0.4628423,0.9088455
512,0.28329027,0.11526557,-378.90683,914.0639,230.46912,1.0,1.0,1.0,1.0,0.17901665,0.22716568,0.2493214,0.18891099,0.09911986,0.15055563,0.24076949,0.086142935,0.042637125,0.09623632,0.17218193,0.056972004,0.50954866,0.36601487,0.15627572,0.18891099,0.16967772,0.16002749,0.18145145,0.23144396,0.76495767,-0.30441692,-0.3248432,0.82065684,0.5082249,-0.48306265,-0.34000129,0.4796193,0.14185216,-0.6774207,-0.48561516,0.3000611,1.2192498,-0.09726092,-0.5277112,0.82065684,0.7416891,-0.45656505,-0.4628423,0.9088455
513,0.28329027,0.12707539,-382.8131,910.15765,230.46912,1.0,1.0,1.0,1.0,0.17212605,0.21310455,0.24723047,0.18145598,0.09743943,0.14660883,0.21334839,0.08189375,0.042002257,0.09711063,0.1552164,0.057349212,0.5159264,0.403941,0.20831063,0.18145598,0.17250584,0.139235,0.17589411,0.23610651,0.76495767,-0.3065442,-0.25531122,0.82065684,0.5178458,-0.46897683,-0.31932384,0.4751363,0.15238367,-0.6478702,-0.4574756,0.32041302,1.2416987,-0.028819006,-0.32970175,0.82065684,0.76591486,-0.49138853,-0.4031619,0.9349935
514,0.28329027,0.12707539,-382.8131,914.0639,230.46912,1.0,1.0,1.0,1.0,0.17212605,0.21310455,0.24723047,0.18145598,0.09743943,0.14660883,0.21334839,0.08189375,0.042002257,0.09711063,0.1552164,0.057349212,0.5159264,0.403941,0.20831063,0.18145598,0.17250584,0.139235,0.17589411,0.23610651,0.76495767,-0.3065442,-0.25531122,0.82065684,0.5178458,-0.46897683,-0.31932384,0.4751363,0.15238367,-0.6478702,-0.4574756,0.32041302,1.2416987,-0.028819006,-0.32970175,0.82065684,0.76591486,-0.49138853,-0.4031619,0.9349935
515,0.28329027,0.13989669,-386.71936,917.9702,230.46912,1.0,1.0,1.0,1.0,0.1667917,0.18208353,0.24774663,0.17546926,0.09495481,0.12991744,0.17983651,0.079074375,0.041388635,0.09037302,0.13503964,0.058180217,0.5198444,0.48447436,0.27051422,0.17546926,0.17702043,0.11315165,0.16686298,0.24287638,0.76495767,-0.30991492,-0.1595914,0.82065684,0.52030015,-0.45651814,-0.2987213,0.4744916,0.15966432,-0.6141468,-0.42313787,0.34123114,1.2586566,0.115085214,-0.12140904,0.82065684,0.7908066,-0.51652473,-0.3312392,0.9618411
516,0.28329027,0.13989669,-386.71936,917.9702,230.46912,1.0,1.0,1.0,1.0,0.1667917,0.18208353,0.24774663,0.17546926,0.09495481,0.12991744,0.17983651,0.079074375,0.041388635,0.09037302,0.13503964,0.058180217,0.5198444,0.48447436,0.27051422,0.17546926,0.17702043,0.11315165,0.16686298,0.24287638,0.76495767,-0.30991492,-0.1595914,0.82065684,0.52030015,-0.45651814,-0.2987213,0.4744916,0.15966432,-0.6141468,-0.42313787,0.34123114,1.2586566,0.115085214,-0.12140904,0.82065684,0.7908066,-0.51652473,-0.3312392,0.9618411
